venue,year,family,count,venue_year_total,share_pct
AAAI,2020,视觉/三维/视频,335,1601,20.924422236102437
AAAI,2020,强化学习,237,1601,14.803247970018738
AAAI,2020,优化/理论,375,1601,23.422860712054966
AAAI,2020,推荐/检索/图,201,1601,12.554653341661462
AAAI,2020,可信安全,116,1601,7.245471580262336
AAAI,2020,NLP/语音,337,1601,21.049344159900063
AAAI,2021,生成模型,310,1642,18.879415347137638
AAAI,2021,视觉/三维/视频,315,1642,19.18392204628502
AAAI,2021,强化学习,202,1642,12.302070645554203
AAAI,2021,优化/理论,495,1642,30.146163215590743
AAAI,2021,推荐/检索/图,189,1642,11.510353227771011
AAAI,2021,可信安全,131,1642,7.978075517661389
AAAI,2022,生成模型,152,1315,11.55893536121673
AAAI,2022,视觉/三维/视频,225,1315,17.110266159695815
AAAI,2022,强化学习,139,1315,10.570342205323193
AAAI,2022,优化/理论,179,1315,13.612167300380229
AAAI,2022,推荐/检索/图,92,1315,6.996197718631179
AAAI,2022,可信安全,175,1315,13.307984790874524
AAAI,2022,其他,353,1315,26.844106463878326
AAAI,2023,强化学习,162,1572,10.305343511450381
AAAI,2023,优化/理论,346,1572,22.010178117048344
AAAI,2023,推荐/检索/图,163,1572,10.368956743002544
AAAI,2023,可信安全,69,1572,4.3893129770992365
AAAI,2023,NLP/语音,192,1572,12.213740458015266
AAAI,2023,其他,640,1572,40.71246819338422
AAAI,2024,大模型,232,2331,9.952809952809954
AAAI,2024,生成模型,230,2331,9.867009867009866
AAAI,2024,视觉/三维/视频,743,2331,31.874731874731875
AAAI,2024,强化学习,428,2331,18.361218361218363
AAAI,2024,推荐/检索/图,229,2331,9.824109824109824
AAAI,2024,可信安全,154,2331,6.606606606606606
AAAI,2024,AI4Science/健康,70,2331,3.003003003003003
AAAI,2024,其他,245,2331,10.51051051051051
AAAI,2025,大模型,378,3028,12.48348745046235
AAAI,2025,多模态,397,3028,13.110964332893
AAAI,2025,生成模型,380,3028,12.549537648612946
AAAI,2025,视觉/三维/视频,342,3028,11.29458388375165
AAAI,2025,强化学习,304,3028,10.039630118890356
AAAI,2025,优化/理论,460,3028,15.191545574636725
AAAI,2025,推荐/检索/图,83,3028,2.74108322324967
AAAI,2025,可信安全,255,3028,8.421400264200793
AAAI,2025,AI4Science/健康,324,3028,10.700132100396301
AAAI,2025,其他,105,3028,3.4676354029062084
AAAI,2026,大模型,940,4149,22.656061701614846
AAAI,2026,多模态,546,4149,13.159797541576285
AAAI,2026,视觉/三维/视频,826,4149,19.908411665461557
AAAI,2026,强化学习,463,4149,11.159315497710292
AAAI,2026,推荐/检索/图,592,4149,14.268498433357435
AAAI,2026,可信安全,328,4149,7.905519402265607
AAAI,2026,AI4Science/健康,334,4149,8.050132562063148
AAAI,2026,其他,120,4149,2.8922631959508314
ACL,2020,大模型,118,778,15.167095115681233
ACL,2020,生成模型,195,778,25.064267352185087
ACL,2020,视觉/三维/视频,50,778,6.426735218508997
ACL,2020,推荐/检索/图,90,778,11.568123393316196
ACL,2020,可信安全,99,778,12.724935732647817
ACL,2020,NLP/语音,226,778,29.048843187660665
ACL,2021,大模型,208,710,29.295774647887324
ACL,2021,视觉/三维/视频,58,710,8.169014084507042
ACL,2021,可信安全,103,710,14.507042253521126
ACL,2021,NLP/语音,276,710,38.87323943661972
ACL,2021,其他,65,710,9.15492957746479
ACL,2022,大模型,308,700,44.0
ACL,2022,多模态,31,700,4.428571428571428
ACL,2022,生成模型,71,700,10.142857142857142
ACL,2022,视觉/三维/视频,117,700,16.714285714285715
ACL,2022,NLP/语音,51,700,7.285714285714286
ACL,2022,其他,122,700,17.42857142857143
ACL,2023,大模型,166,1075,15.441860465116278
ACL,2023,多模态,75,1075,6.976744186046512
ACL,2023,生成模型,208,1075,19.348837209302324
ACL,2023,视觉/三维/视频,129,1075,12.0
ACL,2023,推荐/检索/图,79,1075,7.348837209302325
ACL,2023,可信安全,298,1075,27.72093023255814
ACL,2023,NLP/语音,120,1075,11.162790697674419
ACL,2024,大模型,774,940,82.34042553191489
ACL,2024,多模态,82,940,8.72340425531915
ACL,2024,可信安全,49,940,5.212765957446808
ACL,2024,NLP/语音,35,940,3.723404255319149
ACL,2025,大模型,1066,1699,62.742789876397886
ACL,2025,多模态,152,1699,8.94643908181283
ACL,2025,强化学习,57,1699,3.3549146556798117
ACL,2025,可信安全,284,1699,16.715715126545028
ACL,2025,NLP/语音,140,1699,8.24014125956445
ACMMM,2020,大模型,58,473,12.26215644820296
ACMMM,2020,视觉/三维/视频,269,473,56.87103594080338
ACMMM,2020,可信安全,86,473,18.181818181818183
ACMMM,2020,其他,60,473,12.684989429175475
ACMMM,2021,多模态,193,542,35.608856088560884
ACMMM,2021,视觉/三维/视频,238,542,43.91143911439114
ACMMM,2021,推荐/检索/图,25,542,4.612546125461255
ACMMM,2021,可信安全,32,542,5.904059040590406
ACMMM,2021,其他,54,542,9.96309963099631
ACMMM,2022,多模态,117,691,16.931982633863964
ACMMM,2022,视觉/三维/视频,307,691,44.42836468885673
ACMMM,2022,推荐/检索/图,66,691,9.55137481910275
ACMMM,2022,可信安全,74,691,10.709117221418236
ACMMM,2022,其他,127,691,18.37916063675832
ACMMM,2023,多模态,280,902,31.042128603104214
ACMMM,2023,生成模型,60,902,6.651884700665188
ACMMM,2023,视觉/三维/视频,333,902,36.9179600886918
ACMMM,2023,推荐/检索/图,97,902,10.753880266075388
ACMMM,2023,可信安全,80,902,8.869179600886918
ACMMM,2023,其他,52,902,5.764966740576496
ACMMM,2024,多模态,367,1149,31.940818102698
ACMMM,2024,生成模型,154,1149,13.4029590948651
ACMMM,2024,视觉/三维/视频,328,1149,28.54656222802437
ACMMM,2024,推荐/检索/图,116,1149,10.095735422106179
ACMMM,2024,可信安全,85,1149,7.397737162750218
ACMMM,2024,AI4Science/健康,99,1149,8.616187989556137
ACMMM,2025,多模态,575,1249,46.036829463570854
ACMMM,2025,生成模型,238,1249,19.055244195356284
ACMMM,2025,视觉/三维/视频,163,1249,13.050440352281825
ACMMM,2025,推荐/检索/图,73,1249,5.844675740592474
ACMMM,2025,可信安全,131,1249,10.488390712570055
ACMMM,2025,AI4Science/健康,69,1249,5.524419535628502
CVPR,2020,视觉/三维/视频,1062,1466,72.44201909959072
CVPR,2020,优化/理论,132,1466,9.004092769440655
CVPR,2020,可信安全,85,1466,5.798090040927694
CVPR,2020,其他,187,1466,12.75579809004093
CVPR,2021,多模态,114,1660,6.8674698795180715
CVPR,2021,生成模型,124,1660,7.46987951807229
CVPR,2021,视觉/三维/视频,965,1660,58.13253012048193
CVPR,2021,推荐/检索/图,99,1660,5.963855421686747
CVPR,2021,可信安全,97,1660,5.843373493975903
CVPR,2021,其他,261,1660,15.72289156626506
CVPR,2022,大模型,189,2074,9.112825458052074
CVPR,2022,多模态,240,2074,11.571841851494696
CVPR,2022,生成模型,83,2074,4.0019286403085825
CVPR,2022,视觉/三维/视频,1006,2074,48.5053037608486
CVPR,2022,可信安全,81,2074,3.90549662487946
CVPR,2022,其他,475,2074,22.90260366441659
CVPR,2023,大模型,156,2353,6.629834254143646
CVPR,2023,多模态,261,2353,11.092222694432639
CVPR,2023,生成模型,157,2353,6.672333191670209
CVPR,2023,视觉/三维/视频,1203,2353,51.12622184445389
CVPR,2023,强化学习,35,2353,1.4874628134296641
CVPR,2023,可信安全,259,2353,11.007224819379516
CVPR,2023,其他,282,2353,11.984700382490438
CVPR,2024,多模态,319,2716,11.74521354933726
CVPR,2024,生成模型,440,2716,16.200294550810014
CVPR,2024,视觉/三维/视频,863,2716,31.77466863033873
CVPR,2024,推荐/检索/图,143,2716,5.265095729013255
CVPR,2024,可信安全,363,2716,13.365243004418263
CVPR,2024,AI4Science/健康,228,2716,8.394698085419734
CVPR,2024,其他,360,2716,13.25478645066274
CVPR,2025,大模型,169,2871,5.886450714036921
CVPR,2025,多模态,742,2871,25.844653430860326
CVPR,2025,生成模型,734,2871,25.5660048763497
CVPR,2025,视觉/三维/视频,830,2871,28.90978753047719
CVPR,2025,推荐/检索/图,147,2871,5.120167189132706
CVPR,2025,AI4Science/健康,79,2871,2.7516544757924066
CVPR,2025,其他,170,2871,5.921281783350748
ECCV,2020,多模态,74,1358,5.44918998527246
ECCV,2020,视觉/三维/视频,848,1358,62.44477172312224
ECCV,2020,优化/理论,69,1358,5.08100147275405
ECCV,2020,可信安全,68,1358,5.007363770250368
ECCV,2020,其他,299,1358,22.017673048600884
ECCV,2022,生成模型,131,1645,7.963525835866261
ECCV,2022,视觉/三维/视频,1016,1645,61.7629179331307
ECCV,2022,可信安全,121,1645,7.355623100303951
ECCV,2022,其他,377,1645,22.91793313069909
ECCV,2024,多模态,206,2387,8.630079597821533
ECCV,2024,生成模型,269,2387,11.269375785504817
ECCV,2024,视觉/三维/视频,1237,2387,51.82237117720989
ECCV,2024,可信安全,312,2387,13.070800167574362
ECCV,2024,其他,363,2387,15.207373271889402
EMNLP,2020,大模型,95,751,12.649800266311583
EMNLP,2020,生成模型,37,751,4.92676431424767
EMNLP,2020,视觉/三维/视频,249,751,33.15579227696405
EMNLP,2020,强化学习,61,751,8.122503328894808
EMNLP,2020,可信安全,140,751,18.64181091877497
EMNLP,2020,NLP/语音,118,751,15.712383488681759
EMNLP,2020,其他,51,751,6.790945406125166
EMNLP,2021,多模态,29,847,3.4238488783943333
EMNLP,2021,生成模型,168,847,19.834710743801654
EMNLP,2021,视觉/三维/视频,196,847,23.140495867768596
EMNLP,2021,推荐/检索/图,238,847,28.09917355371901
EMNLP,2021,可信安全,34,847,4.014167650531287
EMNLP,2021,NLP/语音,101,847,11.92443919716647
EMNLP,2021,其他,81,847,9.563164108618654
EMNLP,2022,大模型,325,828,39.251207729468604
EMNLP,2022,多模态,44,828,5.314009661835748
EMNLP,2022,推荐/检索/图,93,828,11.231884057971014
EMNLP,2022,可信安全,273,828,32.971014492753625
EMNLP,2022,其他,93,828,11.231884057971014
EMNLP,2023,大模型,526,1047,50.238777459407835
EMNLP,2023,多模态,81,1047,7.736389684813753
EMNLP,2023,生成模型,70,1047,6.685768863419293
EMNLP,2023,视觉/三维/视频,138,1047,13.18051575931232
EMNLP,2023,推荐/检索/图,32,1047,3.0563514804202483
EMNLP,2023,可信安全,200,1047,19.10219675262655
EMNLP,2024,大模型,870,1268,68.61198738170347
EMNLP,2024,多模态,146,1268,11.514195583596216
EMNLP,2024,强化学习,42,1268,3.3123028391167195
EMNLP,2024,可信安全,210,1268,16.561514195583594
EMNLP,2025,大模型,952,1809,52.62576008844666
EMNLP,2025,多模态,223,1809,12.327252625760089
EMNLP,2025,可信安全,395,1809,21.83526810392482
EMNLP,2025,NLP/语音,239,1809,13.211719181868437
ICCV,2021,多模态,117,1612,7.258064516129033
ICCV,2021,视觉/三维/视频,1080,1612,66.99751861042184
ICCV,2021,优化/理论,53,1612,3.287841191066997
ICCV,2021,可信安全,77,1612,4.776674937965261
ICCV,2021,其他,285,1612,17.679900744416873
ICCV,2023,大模型,162,2156,7.5139146567718
ICCV,2023,多模态,216,2156,10.018552875695732
ICCV,2023,生成模型,158,2156,7.328385899814471
ICCV,2023,视觉/三维/视频,1149,2156,53.293135435992575
ICCV,2023,可信安全,91,2156,4.220779220779221
ICCV,2023,其他,380,2156,17.625231910946194
ICCV,2025,多模态,578,2701,21.399481673454275
ICCV,2025,生成模型,593,2701,21.95483154387264
ICCV,2025,视觉/三维/视频,1064,2701,39.39281747500926
ICCV,2025,推荐/检索/图,236,2701,8.737504627915586
ICCV,2025,其他,230,2701,8.515364679748242
ICLR,2020,生成模型,147,687,21.397379912663755
ICLR,2020,强化学习,136,687,19.7962154294032
ICLR,2020,优化/理论,48,687,6.986899563318777
ICLR,2020,推荐/检索/图,70,687,10.189228529839884
ICLR,2020,可信安全,80,687,11.644832605531295
ICLR,2020,其他,206,687,29.985443959243085
ICLR,2021,生成模型,115,860,13.372093023255813
ICLR,2021,视觉/三维/视频,114,860,13.25581395348837
ICLR,2021,强化学习,140,860,16.27906976744186
ICLR,2021,优化/理论,292,860,33.95348837209302
ICLR,2021,推荐/检索/图,45,860,5.232558139534884
ICLR,2021,可信安全,74,860,8.604651162790699
ICLR,2021,AI4Science/健康,80,860,9.30232558139535
ICLR,2022,大模型,109,1094,9.963436928702011
ICLR,2022,生成模型,149,1094,13.619744058500913
ICLR,2022,视觉/三维/视频,90,1094,8.226691042047532
ICLR,2022,强化学习,199,1094,18.190127970749543
ICLR,2022,优化/理论,224,1094,20.47531992687386
ICLR,2022,可信安全,88,1094,8.043875685557587
ICLR,2022,AI4Science/健康,95,1094,8.683729433272395
ICLR,2022,其他,140,1094,12.79707495429616
ICLR,2023,大模型,167,1573,10.616656071201525
ICLR,2023,生成模型,135,1573,8.582326764144947
ICLR,2023,视觉/三维/视频,281,1573,17.863954227590593
ICLR,2023,强化学习,238,1573,15.130324221233312
ICLR,2023,推荐/检索/图,101,1573,6.42085187539733
ICLR,2023,可信安全,117,1573,7.43801652892562
ICLR,2023,AI4Science/健康,41,1573,2.6064844246662426
ICLR,2023,其他,493,1573,31.341385886840435
ICLR,2024,大模型,493,2260,21.8141592920354
ICLR,2024,多模态,283,2260,12.52212389380531
ICLR,2024,生成模型,297,2260,13.14159292035398
ICLR,2024,视觉/三维/视频,41,2260,1.8141592920353982
ICLR,2024,强化学习,342,2260,15.132743362831857
ICLR,2024,可信安全,229,2260,10.132743362831858
ICLR,2024,AI4Science/健康,198,2260,8.761061946902656
ICLR,2024,其他,377,2260,16.68141592920354
ICLR,2025,大模型,1026,3703,27.707264380232242
ICLR,2025,多模态,395,3703,10.667026735079666
ICLR,2025,生成模型,744,3703,20.09181744531461
ICLR,2025,强化学习,467,3703,12.611396165271401
ICLR,2025,优化/理论,556,3703,15.014852822036188
ICLR,2025,推荐/检索/图,195,3703,5.2660005401026195
ICLR,2025,可信安全,143,3703,3.8617337294085874
ICLR,2025,其他,177,3703,4.779908182554685
ICLR,2026,大模型,1993,5352,37.23841554559043
ICLR,2026,多模态,690,5352,12.892376681614351
ICLR,2026,生成模型,752,5352,14.050822122571002
ICLR,2026,视觉/三维/视频,513,5352,9.585201793721973
ICLR,2026,优化/理论,645,5352,12.051569506726457
ICLR,2026,可信安全,358,5352,6.6890881913303435
ICLR,2026,AI4Science/健康,145,5352,2.709267563527653
ICLR,2026,其他,256,5352,4.783258594917788
ICML,2020,大模型,77,1084,7.103321033210332
ICML,2020,生成模型,153,1084,14.114391143911439
ICML,2020,强化学习,247,1084,22.785977859778598
ICML,2020,优化/理论,197,1084,18.173431734317344
ICML,2020,可信安全,128,1084,11.808118081180812
ICML,2020,AI4Science/健康,51,1084,4.70479704797048
ICML,2020,其他,231,1084,21.309963099630995
ICML,2021,大模型,147,1183,12.42603550295858
ICML,2021,生成模型,163,1183,13.778529163144547
ICML,2021,强化学习,330,1183,27.89518174133559
ICML,2021,优化/理论,173,1183,14.623837700760777
ICML,2021,可信安全,140,1183,11.834319526627219
ICML,2021,AI4Science/健康,64,1183,5.409974640743871
ICML,2021,其他,166,1183,14.032121724429416
ICML,2022,大模型,137,1233,11.11111111111111
ICML,2022,生成模型,114,1233,9.245742092457421
ICML,2022,强化学习,278,1233,22.54663422546634
ICML,2022,优化/理论,160,1233,12.9764801297648
ICML,2022,推荐/检索/图,95,1233,7.70478507704785
ICML,2022,可信安全,147,1233,11.922141119221411
ICML,2022,其他,302,1233,24.493106244931063
ICML,2023,大模型,244,1828,13.347921225382933
ICML,2023,生成模型,205,1828,11.214442013129103
ICML,2023,强化学习,418,1828,22.86652078774617
ICML,2023,优化/理论,184,1828,10.065645514223196
ICML,2023,推荐/检索/图,159,1828,8.698030634573305
ICML,2023,可信安全,157,1828,8.588621444201312
ICML,2023,AI4Science/健康,47,1828,2.5711159737417946
ICML,2023,其他,414,1828,22.64770240700219
ICML,2024,大模型,476,2610,18.237547892720308
ICML,2024,多模态,247,2610,9.463601532567049
ICML,2024,生成模型,276,2610,10.574712643678161
ICML,2024,视觉/三维/视频,362,2610,13.869731800766283
ICML,2024,强化学习,306,2610,11.724137931034482
ICML,2024,优化/理论,424,2610,16.245210727969347
ICML,2024,推荐/检索/图,178,2610,6.81992337164751
ICML,2024,可信安全,199,2610,7.624521072796934
ICML,2024,AI4Science/健康,72,2610,2.7586206896551726
ICML,2024,其他,70,2610,2.681992337164751
ICML,2025,大模型,754,3330,22.642642642642645
ICML,2025,多模态,344,3330,10.33033033033033
ICML,2025,生成模型,389,3330,11.681681681681681
ICML,2025,强化学习,519,3330,15.585585585585585
ICML,2025,优化/理论,401,3330,12.042042042042041
ICML,2025,推荐/检索/图,172,3330,5.165165165165165
ICML,2025,可信安全,267,3330,8.018018018018019
ICML,2025,其他,484,3330,14.534534534534535
IJCAI,2020,大模型,203,778,26.092544987146532
IJCAI,2020,生成模型,110,778,14.138817480719796
IJCAI,2020,强化学习,143,778,18.380462724935732
IJCAI,2020,推荐/检索/图,82,778,10.539845758354756
IJCAI,2020,可信安全,69,778,8.868894601542417
IJCAI,2020,其他,171,778,21.979434447300772
IJCAI,2021,视觉/三维/视频,191,722,26.454293628808866
IJCAI,2021,优化/理论,141,722,19.529085872576175
IJCAI,2021,推荐/检索/图,92,722,12.742382271468145
IJCAI,2021,可信安全,298,722,41.27423822714682
IJCAI,2022,大模型,75,862,8.700696055684455
IJCAI,2022,生成模型,121,862,14.037122969837586
IJCAI,2022,视觉/三维/视频,194,862,22.505800464037122
IJCAI,2022,强化学习,255,862,29.582366589327147
IJCAI,2022,推荐/检索/图,217,862,25.17401392111369
IJCAI,2023,大模型,155,851,18.213866039952997
IJCAI,2023,多模态,75,851,8.81316098707403
IJCAI,2023,视觉/三维/视频,156,851,18.33137485311398
IJCAI,2023,强化学习,216,851,25.381903642773207
IJCAI,2023,推荐/检索/图,84,851,9.870740305522913
IJCAI,2023,其他,165,851,19.388954171562865
IJCAI,2024,大模型,120,1048,11.450381679389313
IJCAI,2024,视觉/三维/视频,222,1048,21.183206106870227
IJCAI,2024,强化学习,126,1048,12.022900763358779
IJCAI,2024,优化/理论,121,1048,11.545801526717558
IJCAI,2024,推荐/检索/图,190,1048,18.12977099236641
IJCAI,2024,可信安全,69,1048,6.583969465648855
IJCAI,2024,其他,200,1048,19.083969465648856
IJCAI,2025,大模型,159,1280,12.421875
IJCAI,2025,多模态,277,1280,21.640625
IJCAI,2025,强化学习,235,1280,18.359375
IJCAI,2025,优化/理论,119,1280,9.296875
IJCAI,2025,推荐/检索/图,229,1280,17.890625
IJCAI,2025,可信安全,86,1280,6.71875
IJCAI,2025,AI4Science/健康,36,1280,2.8125
IJCAI,2025,其他,139,1280,10.859375
KDD,2020,推荐/检索/图,137,217,63.133640552995395
KDD,2020,可信安全,52,217,23.963133640552993
KDD,2020,其他,28,217,12.903225806451612
KDD,2021,推荐/检索/图,176,239,73.64016736401673
KDD,2021,其他,63,239,26.359832635983267
KDD,2022,大模型,43,253,16.99604743083004
KDD,2022,优化/理论,26,253,10.276679841897234
KDD,2022,推荐/检索/图,122,253,48.22134387351779
KDD,2022,其他,62,253,24.50592885375494
KDD,2023,大模型,81,313,25.878594249201274
KDD,2023,推荐/检索/图,176,313,56.23003194888179
KDD,2023,其他,56,313,17.89137380191693
KDD,2024,大模型,138,411,33.57664233576642
KDD,2024,视觉/三维/视频,52,411,12.652068126520682
KDD,2024,推荐/检索/图,179,411,43.552311435523116
KDD,2024,其他,42,411,10.218978102189782
KDD,2025,大模型,114,552,20.652173913043477
KDD,2025,视觉/三维/视频,33,552,5.978260869565218
KDD,2025,强化学习,35,552,6.340579710144928
KDD,2025,推荐/检索/图,236,552,42.7536231884058
KDD,2025,AI4Science/健康,65,552,11.77536231884058
KDD,2025,其他,69,552,12.5
NAACL,2021,大模型,49,477,10.272536687631026
NAACL,2021,生成模型,46,477,9.643605870020965
NAACL,2021,视觉/三维/视频,85,477,17.81970649895178
NAACL,2021,推荐/检索/图,54,477,11.320754716981133
NAACL,2021,可信安全,142,477,29.769392033542978
NAACL,2021,NLP/语音,59,477,12.368972746331238
NAACL,2021,其他,42,477,8.80503144654088
NAACL,2022,大模型,150,442,33.93665158371041
NAACL,2022,生成模型,39,442,8.823529411764707
NAACL,2022,视觉/三维/视频,114,442,25.791855203619914
NAACL,2022,可信安全,81,442,18.32579185520362
NAACL,2022,NLP/语音,58,442,13.122171945701359
NAACL,2024,大模型,358,562,63.70106761565836
NAACL,2024,多模态,35,562,6.227758007117438
NAACL,2024,可信安全,169,562,30.071174377224196
NAACL,2025,大模型,385,718,53.62116991643454
NAACL,2025,多模态,63,718,8.774373259052924
NAACL,2025,可信安全,173,718,24.094707520891365
NAACL,2025,NLP/语音,97,718,13.509749303621168
NeurIPS,2020,大模型,224,1898,11.801896733403582
NeurIPS,2020,视觉/三维/视频,298,1898,15.700737618545837
NeurIPS,2020,强化学习,392,1898,20.65331928345627
NeurIPS,2020,优化/理论,532,1898,28.02950474183351
NeurIPS,2020,可信安全,108,1898,5.690200210748156
NeurIPS,2020,AI4Science/健康,115,1898,6.059009483667018
NeurIPS,2020,其他,229,1898,12.065331928345627
NeurIPS,2021,多模态,177,2334,7.583547557840617
NeurIPS,2021,视觉/三维/视频,512,2334,21.936589545844047
NeurIPS,2021,强化学习,465,2334,19.92287917737789
NeurIPS,2021,优化/理论,452,2334,19.365895458440445
NeurIPS,2021,可信安全,167,2334,7.15509854327335
NeurIPS,2021,AI4Science/健康,153,2334,6.555269922879177
NeurIPS,2021,其他,408,2334,17.480719794344473
NeurIPS,2022,大模型,251,2671,9.397229502059155
NeurIPS,2022,视觉/三维/视频,382,2671,14.30175964058405
NeurIPS,2022,强化学习,566,2671,21.19056533133658
NeurIPS,2022,优化/理论,533,2671,19.955073006364657
NeurIPS,2022,推荐/检索/图,151,2671,5.6533133657806065
NeurIPS,2022,可信安全,208,2671,7.787345563459379
NeurIPS,2022,其他,580,2671,21.714713590415574
NeurIPS,2023,大模型,291,3218,9.042883778744562
NeurIPS,2023,生成模型,274,3218,8.514605344934742
NeurIPS,2023,视觉/三维/视频,563,3218,17.495338719701678
NeurIPS,2023,强化学习,534,3218,16.594157862026105
NeurIPS,2023,优化/理论,622,3218,19.32877563704164
NeurIPS,2023,推荐/检索/图,157,3218,4.878806712243629
NeurIPS,2023,可信安全,298,3218,9.260410192666251
NeurIPS,2023,AI4Science/健康,63,3218,1.9577377252952146
NeurIPS,2023,其他,416,3218,12.927284027346179
NeurIPS,2024,大模型,748,4034,18.542389687654932
NeurIPS,2024,多模态,469,4034,11.626177491323748
NeurIPS,2024,生成模型,556,4034,13.782845810609818
NeurIPS,2024,视觉/三维/视频,287,4034,7.1145265245413984
NeurIPS,2024,强化学习,549,4034,13.609320773425878
NeurIPS,2024,优化/理论,767,4034,19.013386217154192
NeurIPS,2024,推荐/检索/图,216,4034,5.354486861675756
NeurIPS,2024,可信安全,207,4034,5.1313832424392665
NeurIPS,2024,其他,235,4034,5.825483391175013
NeurIPS,2025,大模型,1349,5286,25.520242149073024
NeurIPS,2025,多模态,637,5286,12.050699962164208
NeurIPS,2025,生成模型,1121,5286,21.206961785849412
NeurIPS,2025,强化学习,570,5286,10.783200908059024
NeurIPS,2025,优化/理论,659,5286,12.466893681422626
NeurIPS,2025,推荐/检索/图,235,5286,4.4457056375331065
NeurIPS,2025,可信安全,226,5286,4.275444570563754
NeurIPS,2025,AI4Science/健康,362,5286,6.848278471433976
NeurIPS,2025,其他,127,5286,2.4025728339008703
SIGIR,2020,推荐/检索/图,147,147,100.0
SIGIR,2021,多模态,41,151,27.1523178807947
SIGIR,2021,推荐/检索/图,110,151,72.84768211920529
SIGIR,2022,多模态,68,161,42.2360248447205
SIGIR,2022,推荐/检索/图,93,161,57.7639751552795
SIGIR,2023,视觉/三维/视频,28,165,16.969696969696972
SIGIR,2023,推荐/检索/图,137,165,83.03030303030303
SIGIR,2024,多模态,93,214,43.45794392523364
SIGIR,2024,推荐/检索/图,121,214,56.54205607476636
SIGIR,2025,大模型,51,239,21.338912133891213
SIGIR,2025,多模态,77,239,32.21757322175732
SIGIR,2025,推荐/检索/图,111,239,46.44351464435147
WWW,2020,大模型,93,317,29.33753943217666
WWW,2020,推荐/检索/图,224,317,70.66246056782335
WWW,2021,推荐/检索/图,246,355,69.29577464788733
WWW,2021,可信安全,83,355,23.380281690140844
WWW,2021,NLP/语音,26,355,7.323943661971831
WWW,2022,强化学习,29,364,7.967032967032966
WWW,2022,推荐/检索/图,278,364,76.37362637362637
WWW,2022,NLP/语音,57,364,15.659340659340659
WWW,2023,生成模型,96,371,25.87601078167116
WWW,2023,强化学习,37,371,9.973045822102426
WWW,2023,推荐/检索/图,168,371,45.28301886792453
WWW,2023,可信安全,70,371,18.867924528301888
WWW,2024,大模型,32,404,7.920792079207921
WWW,2024,视觉/三维/视频,78,404,19.306930693069308
WWW,2024,推荐/检索/图,259,404,64.10891089108911
WWW,2024,可信安全,35,404,8.663366336633663
WWW,2025,大模型,29,154,18.83116883116883
WWW,2025,视觉/三维/视频,32,154,20.77922077922078
WWW,2025,推荐/检索/图,76,154,49.35064935064935
WWW,2025,可信安全,17,154,11.03896103896104
