venue,year,papers,min_cluster_size,n_neighbors,n_components,raw_topics,raw_outliers,reassigned_outliers,final_outliers,final_topics,largest_topic,median_topic_size,seconds,output_dir
AAAI,2020,1601,8,10,15,84,306,306,0,84,49,16.0,0.0,results/fine_grained_venue_year_topics_2020_2026_mcs_fine/venue=AAAI/year=2020
ACL,2020,778,8,10,15,40,110,110,0,40,67,15.0,0.0,results/fine_grained_venue_year_topics_2020_2026_mcs_fine/venue=ACL/year=2020
ACMMM,2020,473,8,10,15,30,50,50,0,30,30,15.0,0.0,results/fine_grained_venue_year_topics_2020_2026_mcs_fine/venue=ACMMM/year=2020
AIJ,2020,85,6,10,15,7,0,0,0,7,25,10.0,0.0,results/fine_grained_venue_year_topics_2020_2026_mcs_fine/venue=AIJ/year=2020
CHI,2020,740,8,10,15,36,148,147,1,36,53,17.0,0.0,results/fine_grained_venue_year_topics_2020_2026_mcs_fine/venue=CHI/year=2020
CVPR,2020,1466,8,10,15,83,325,325,0,83,46,16.0,0.0,results/fine_grained_venue_year_topics_2020_2026_mcs_fine/venue=CVPR/year=2020
ECCV,2020,1358,8,10,15,74,240,240,0,74,46,16.0,0.0,results/fine_grained_venue_year_topics_2020_2026_mcs_fine/venue=ECCV/year=2020
EMNLP,2020,751,8,10,15,39,144,144,0,39,43,17.0,0.0,results/fine_grained_venue_year_topics_2020_2026_mcs_fine/venue=EMNLP/year=2020
ICDE,2020,232,6,10,15,17,30,29,1,17,33,11.0,0.0,results/fine_grained_venue_year_topics_2020_2026_mcs_fine/venue=ICDE/year=2020
ICLR,2020,687,8,10,15,38,167,167,0,38,46,16.0,0.0,results/fine_grained_venue_year_topics_2020_2026_mcs_fine/venue=ICLR/year=2020
ICML,2020,1084,8,10,15,56,128,128,0,56,58,16.5,0.0,results/fine_grained_venue_year_topics_2020_2026_mcs_fine/venue=ICML/year=2020
ICRA,2020,1067,8,10,15,58,228,227,1,58,45,16.0,0.0,results/fine_grained_venue_year_topics_2020_2026_mcs_fine/venue=ICRA/year=2020
IJCAI,2020,778,8,10,15,47,143,143,0,47,40,15.0,0.0,results/fine_grained_venue_year_topics_2020_2026_mcs_fine/venue=IJCAI/year=2020
IROS,2020,1115,8,10,15,62,253,250,3,62,40,17.0,0.0,results/fine_grained_venue_year_topics_2020_2026_mcs_fine/venue=IROS/year=2020
JMLR,2020,66,5,10,15,8,9,9,0,8,16,7.0,0.0,results/fine_grained_venue_year_topics_2020_2026_mcs_fine/venue=JMLR/year=2020
KDD,2020,217,6,10,15,14,38,38,0,14,34,12.5,0.0,results/fine_grained_venue_year_topics_2020_2026_mcs_fine/venue=KDD/year=2020
MICCAI,2020,80,6,10,15,7,8,8,0,7,18,10.0,0.0,results/fine_grained_venue_year_topics_2020_2026_mcs_fine/venue=MICCAI/year=2020
NeurIPS,2020,1898,8,10,15,96,439,439,0,96,55,17.0,0.0,results/fine_grained_venue_year_topics_2020_2026_mcs_fine/venue=NeurIPS/year=2020
PR,2020,495,8,10,15,31,60,60,0,31,34,14.0,0.0,results/fine_grained_venue_year_topics_2020_2026_mcs_fine/venue=PR/year=2020
RSS,2020,98,6,10,15,10,10,10,0,10,14,10.0,0.0,results/fine_grained_venue_year_topics_2020_2026_mcs_fine/venue=RSS/year=2020
SIGIR,2020,147,6,10,15,11,20,20,0,11,35,11.0,0.0,results/fine_grained_venue_year_topics_2020_2026_mcs_fine/venue=SIGIR/year=2020
SIGMOD,2020,159,6,10,15,14,20,20,0,14,17,11.5,0.0,results/fine_grained_venue_year_topics_2020_2026_mcs_fine/venue=SIGMOD/year=2020
TKDE,2020,402,8,10,15,25,74,74,0,25,31,15.0,0.0,results/fine_grained_venue_year_topics_2020_2026_mcs_fine/venue=TKDE/year=2020
TMM,2020,403,8,10,15,23,46,46,0,23,39,15.0,0.0,results/fine_grained_venue_year_topics_2020_2026_mcs_fine/venue=TMM/year=2020
WWW,2020,317,8,10,15,17,23,23,0,17,39,18.0,0.0,results/fine_grained_venue_year_topics_2020_2026_mcs_fine/venue=WWW/year=2020
AAAI,2021,1642,8,10,15,88,333,333,0,88,46,17.0,0.0,results/fine_grained_venue_year_topics_2020_2026_mcs_fine/venue=AAAI/year=2021
ACL,2021,710,8,10,15,38,168,168,0,38,43,17.5,0.0,results/fine_grained_venue_year_topics_2020_2026_mcs_fine/venue=ACL/year=2021
ACMMM,2021,542,8,10,15,31,107,106,1,31,41,15.0,0.0,results/fine_grained_venue_year_topics_2020_2026_mcs_fine/venue=ACMMM/year=2021
AIJ,2021,106,6,10,15,8,20,20,0,8,22,12.5,0.0,results/fine_grained_venue_year_topics_2020_2026_mcs_fine/venue=AIJ/year=2021
CVPR,2021,1660,8,10,15,94,229,229,0,94,48,15.0,0.0,results/fine_grained_venue_year_topics_2020_2026_mcs_fine/venue=CVPR/year=2021
EMNLP,2021,847,8,10,15,43,201,201,0,43,48,15.0,0.0,results/fine_grained_venue_year_topics_2020_2026_mcs_fine/venue=EMNLP/year=2021
ICCV,2021,1612,8,10,15,85,339,339,0,85,44,17.0,0.0,results/fine_grained_venue_year_topics_2020_2026_mcs_fine/venue=ICCV/year=2021
ICDE,2021,274,8,10,15,15,37,37,0,15,47,15.0,0.0,results/fine_grained_venue_year_topics_2020_2026_mcs_fine/venue=ICDE/year=2021
ICLR,2021,859,8,10,15,43,179,179,0,43,50,17.0,0.0,results/fine_grained_venue_year_topics_2020_2026_mcs_fine/venue=ICLR/year=2021
ICML,2021,1183,8,10,15,62,283,283,0,62,53,17.0,0.0,results/fine_grained_venue_year_topics_2020_2026_mcs_fine/venue=ICML/year=2021
ICRA,2021,1370,8,10,15,67,266,266,0,67,53,18.0,0.0,results/fine_grained_venue_year_topics_2020_2026_mcs_fine/venue=ICRA/year=2021
IJCAI,2021,722,8,10,15,39,146,146,0,39,36,17.0,0.0,results/fine_grained_venue_year_topics_2020_2026_mcs_fine/venue=IJCAI/year=2021
IJCV,2021,133,6,10,15,13,13,12,1,13,20,9.0,0.0,results/fine_grained_venue_year_topics_2020_2026_mcs_fine/venue=IJCV/year=2021
IROS,2021,1018,8,10,15,56,206,206,0,56,41,16.0,0.0,results/fine_grained_venue_year_topics_2020_2026_mcs_fine/venue=IROS/year=2021
KDD,2021,239,6,10,15,17,26,26,0,17,30,12.0,0.0,results/fine_grained_venue_year_topics_2020_2026_mcs_fine/venue=KDD/year=2021
MICCAI,2021,68,5,10,15,6,8,8,0,6,23,10.0,0.0,results/fine_grained_venue_year_topics_2020_2026_mcs_fine/venue=MICCAI/year=2021
NAACL,2021,477,8,10,15,23,113,113,0,23,36,18.0,0.0,results/fine_grained_venue_year_topics_2020_2026_mcs_fine/venue=NAACL/year=2021
NeurIPS,2021,2334,10,10,15,90,537,537,0,90,81,21.0,0.0,results/fine_grained_venue_year_topics_2020_2026_mcs_fine/venue=NeurIPS/year=2021
PR,2021,589,8,10,15,37,56,56,0,37,29,14.0,0.0,results/fine_grained_venue_year_topics_2020_2026_mcs_fine/venue=PR/year=2021
RSS,2021,88,6,10,15,6,5,5,0,6,23,13.5,0.0,results/fine_grained_venue_year_topics_2020_2026_mcs_fine/venue=RSS/year=2021
SIGGRAPH-Asia,2021,17,4,10,15,3,0,0,0,3,7,6.0,0.0,results/fine_grained_venue_year_topics_2020_2026_mcs_fine/venue=SIGGRAPH-Asia/year=2021
SIGIR,2021,151,6,10,15,12,27,27,0,12,20,13.5,0.0,results/fine_grained_venue_year_topics_2020_2026_mcs_fine/venue=SIGIR/year=2021
SIGMOD,2021,203,6,10,15,14,64,63,1,14,45,12.0,0.0,results/fine_grained_venue_year_topics_2020_2026_mcs_fine/venue=SIGMOD/year=2021
TMM,2021,437,8,10,15,27,52,52,0,27,38,15.0,0.0,results/fine_grained_venue_year_topics_2020_2026_mcs_fine/venue=TMM/year=2021
TPAMI,2021,551,8,10,15,33,98,98,0,33,33,16.0,0.0,results/fine_grained_venue_year_topics_2020_2026_mcs_fine/venue=TPAMI/year=2021
WWW,2021,355,8,10,15,17,105,104,1,17,42,18.0,0.0,results/fine_grained_venue_year_topics_2020_2026_mcs_fine/venue=WWW/year=2021
AAAI,2022,1315,8,10,15,73,290,290,0,73,59,16.0,0.0,results/fine_grained_venue_year_topics_2020_2026_mcs_fine/venue=AAAI/year=2022
ACL,2022,700,8,10,15,35,140,140,0,35,65,17.0,0.0,results/fine_grained_venue_year_topics_2020_2026_mcs_fine/venue=ACL/year=2022
ACMMM,2022,691,8,10,15,38,137,137,0,38,38,16.0,0.0,results/fine_grained_venue_year_topics_2020_2026_mcs_fine/venue=ACMMM/year=2022
AIJ,2022,99,6,10,15,9,6,6,0,9,17,10.0,0.0,results/fine_grained_venue_year_topics_2020_2026_mcs_fine/venue=AIJ/year=2022
CHI,2022,634,8,10,15,36,154,154,0,36,35,15.5,0.0,results/fine_grained_venue_year_topics_2020_2026_mcs_fine/venue=CHI/year=2022
CVPR,2022,2074,10,10,15,84,421,421,0,84,69,21.0,0.0,results/fine_grained_venue_year_topics_2020_2026_mcs_fine/venue=CVPR/year=2022
ECCV,2022,1645,8,10,15,86,298,298,0,86,59,16.5,0.0,results/fine_grained_venue_year_topics_2020_2026_mcs_fine/venue=ECCV/year=2022
EMNLP,2022,828,8,10,15,48,145,145,0,48,37,16.5,0.0,results/fine_grained_venue_year_topics_2020_2026_mcs_fine/venue=EMNLP/year=2022
ICDE,2022,309,8,10,15,18,65,65,0,18,29,16.0,0.0,results/fine_grained_venue_year_topics_2020_2026_mcs_fine/venue=ICDE/year=2022
ICLR,2022,1061,8,10,15,59,204,204,0,59,54,17.0,0.0,results/fine_grained_venue_year_topics_2020_2026_mcs_fine/venue=ICLR/year=2022
ICML,2022,1233,8,10,15,65,196,196,0,65,42,16.0,0.0,results/fine_grained_venue_year_topics_2020_2026_mcs_fine/venue=ICML/year=2022
ICRA,2022,923,8,10,15,49,147,147,0,49,42,17.0,0.0,results/fine_grained_venue_year_topics_2020_2026_mcs_fine/venue=ICRA/year=2022
IJCAI,2022,862,8,10,15,51,127,127,0,51,36,16.0,0.0,results/fine_grained_venue_year_topics_2020_2026_mcs_fine/venue=IJCAI/year=2022
IROS,2022,1202,8,10,15,67,273,272,1,67,33,16.0,0.0,results/fine_grained_venue_year_topics_2020_2026_mcs_fine/venue=IROS/year=2022
KDD,2022,253,8,10,15,16,43,43,0,16,27,14.0,0.0,results/fine_grained_venue_year_topics_2020_2026_mcs_fine/venue=KDD/year=2022
MICCAI,2022,71,5,10,15,7,15,15,0,7,13,11.0,0.0,results/fine_grained_venue_year_topics_2020_2026_mcs_fine/venue=MICCAI/year=2022
NAACL,2022,442,8,10,15,24,92,92,0,24,42,16.0,0.0,results/fine_grained_venue_year_topics_2020_2026_mcs_fine/venue=NAACL/year=2022
NeurIPS,2022,2671,10,10,15,107,567,567,0,107,67,21.0,0.0,results/fine_grained_venue_year_topics_2020_2026_mcs_fine/venue=NeurIPS/year=2022
PR,2022,658,8,10,15,35,161,160,1,35,45,16.0,0.0,results/fine_grained_venue_year_topics_2020_2026_mcs_fine/venue=PR/year=2022
RSS,2022,67,5,10,15,6,10,10,0,6,16,11.0,0.0,results/fine_grained_venue_year_topics_2020_2026_mcs_fine/venue=RSS/year=2022
SIGGRAPH,2022,51,4,10,15,8,1,1,0,8,10,5.0,0.0,results/fine_grained_venue_year_topics_2020_2026_mcs_fine/venue=SIGGRAPH/year=2022
SIGGRAPH-Asia,2022,50,4,10,15,7,8,8,0,7,12,6.0,0.0,results/fine_grained_venue_year_topics_2020_2026_mcs_fine/venue=SIGGRAPH-Asia/year=2022
SIGIR,2022,161,6,10,15,12,37,37,0,12,25,11.5,0.0,results/fine_grained_venue_year_topics_2020_2026_mcs_fine/venue=SIGIR/year=2022
SIGMOD,2022,153,6,10,15,12,22,21,1,12,23,12.5,0.0,results/fine_grained_venue_year_topics_2020_2026_mcs_fine/venue=SIGMOD/year=2022
WWW,2022,364,8,10,15,20,60,59,1,20,43,17.0,0.0,results/fine_grained_venue_year_topics_2020_2026_mcs_fine/venue=WWW/year=2022
AAAI,2023,1572,8,10,15,86,248,248,0,86,44,16.0,0.0,results/fine_grained_venue_year_topics_2020_2026_mcs_fine/venue=AAAI/year=2023
ACL,2023,1075,8,10,15,65,201,201,0,65,38,15.0,0.0,results/fine_grained_venue_year_topics_2020_2026_mcs_fine/venue=ACL/year=2023
ACMMM,2023,902,8,10,15,52,133,133,0,52,41,16.0,0.0,results/fine_grained_venue_year_topics_2020_2026_mcs_fine/venue=ACMMM/year=2023
AIJ,2023,124,6,10,15,11,14,13,1,11,19,11.0,0.0,results/fine_grained_venue_year_topics_2020_2026_mcs_fine/venue=AIJ/year=2023
CHI,2023,871,8,10,15,40,214,214,0,40,56,18.5,0.0,results/fine_grained_venue_year_topics_2020_2026_mcs_fine/venue=CHI/year=2023
CVPR,2023,2353,10,10,15,100,467,467,0,100,57,21.0,0.0,results/fine_grained_venue_year_topics_2020_2026_mcs_fine/venue=CVPR/year=2023
EMNLP,2023,1047,8,10,15,55,237,237,0,55,56,15.0,0.0,results/fine_grained_venue_year_topics_2020_2026_mcs_fine/venue=EMNLP/year=2023
ICCV,2023,2156,10,10,15,84,476,476,0,84,64,23.0,0.0,results/fine_grained_venue_year_topics_2020_2026_mcs_fine/venue=ICCV/year=2023
ICDE,2023,371,8,10,15,21,39,39,0,21,40,17.0,0.0,results/fine_grained_venue_year_topics_2020_2026_mcs_fine/venue=ICDE/year=2023
ICLR,2023,1530,8,10,15,86,301,301,0,86,50,16.0,0.0,results/fine_grained_venue_year_topics_2020_2026_mcs_fine/venue=ICLR/year=2023
ICML,2023,1828,8,10,15,89,431,431,0,89,56,18.0,0.0,results/fine_grained_venue_year_topics_2020_2026_mcs_fine/venue=ICML/year=2023
ICRA,2023,1333,8,10,15,75,284,282,2,75,63,16.0,0.0,results/fine_grained_venue_year_topics_2020_2026_mcs_fine/venue=ICRA/year=2023
IJCAI,2023,851,8,10,15,46,142,141,1,46,45,15.0,0.0,results/fine_grained_venue_year_topics_2020_2026_mcs_fine/venue=IJCAI/year=2023
IJCV,2023,222,6,10,15,18,35,35,0,18,21,10.5,0.0,results/fine_grained_venue_year_topics_2020_2026_mcs_fine/venue=IJCV/year=2023
IROS,2023,1184,8,10,15,59,305,305,0,59,43,20.0,0.0,results/fine_grained_venue_year_topics_2020_2026_mcs_fine/venue=IROS/year=2023
KDD,2023,313,8,10,15,21,36,36,0,21,41,12.0,0.0,results/fine_grained_venue_year_topics_2020_2026_mcs_fine/venue=KDD/year=2023
MICCAI,2023,73,6,10,15,7,8,8,0,7,20,8.0,0.0,results/fine_grained_venue_year_topics_2020_2026_mcs_fine/venue=MICCAI/year=2023
NeurIPS,2023,3218,10,10,15,114,797,797,0,114,89,24.5,0.0,results/fine_grained_venue_year_topics_2020_2026_mcs_fine/venue=NeurIPS/year=2023
PR,2023,804,8,10,15,45,172,172,0,45,47,15.0,0.0,results/fine_grained_venue_year_topics_2020_2026_mcs_fine/venue=PR/year=2023
RSS,2023,110,6,10,15,11,12,12,0,11,23,9.0,0.0,results/fine_grained_venue_year_topics_2020_2026_mcs_fine/venue=RSS/year=2023
SIGGRAPH,2023,80,6,10,15,7,7,7,0,7,17,11.0,0.0,results/fine_grained_venue_year_topics_2020_2026_mcs_fine/venue=SIGGRAPH/year=2023
SIGGRAPH-Asia,2023,116,6,10,15,9,10,10,0,9,22,13.0,0.0,results/fine_grained_venue_year_topics_2020_2026_mcs_fine/venue=SIGGRAPH-Asia/year=2023
SIGIR,2023,165,6,10,15,12,20,20,0,12,30,10.0,0.0,results/fine_grained_venue_year_topics_2020_2026_mcs_fine/venue=SIGIR/year=2023
TNNLS,2023,1024,8,10,15,58,198,198,0,58,38,18.0,0.0,results/fine_grained_venue_year_topics_2020_2026_mcs_fine/venue=TNNLS/year=2023
TPAMI,2023,681,8,10,15,36,99,96,3,36,41,16.5,0.0,results/fine_grained_venue_year_topics_2020_2026_mcs_fine/venue=TPAMI/year=2023
WWW,2023,371,8,10,15,22,42,42,0,22,34,15.5,0.0,results/fine_grained_venue_year_topics_2020_2026_mcs_fine/venue=WWW/year=2023
AAAI,2024,2331,10,10,15,92,563,563,0,92,65,21.5,0.0,results/fine_grained_venue_year_topics_2020_2026_mcs_fine/venue=AAAI/year=2024
ACL,2024,940,8,10,15,46,183,183,0,46,59,16.0,0.0,results/fine_grained_venue_year_topics_2020_2026_mcs_fine/venue=ACL/year=2024
ACMMM,2024,1149,8,10,15,66,212,212,0,66,48,15.5,0.0,results/fine_grained_venue_year_topics_2020_2026_mcs_fine/venue=ACMMM/year=2024
AIJ,2024,115,6,10,15,12,13,13,0,12,15,9.0,0.0,results/fine_grained_venue_year_topics_2020_2026_mcs_fine/venue=AIJ/year=2024
CHI,2024,1050,8,10,15,54,321,321,0,54,40,18.5,0.0,results/fine_grained_venue_year_topics_2020_2026_mcs_fine/venue=CHI/year=2024
COLM,2024,299,8,10,15,17,31,31,0,17,37,16.0,0.0,results/fine_grained_venue_year_topics_2020_2026_mcs_fine/venue=COLM/year=2024
CVPR,2024,2716,10,10,15,107,738,738,0,107,70,23.0,0.0,results/fine_grained_venue_year_topics_2020_2026_mcs_fine/venue=CVPR/year=2024
ECCV,2024,2387,10,10,15,105,443,443,0,105,66,19.0,0.0,results/fine_grained_venue_year_topics_2020_2026_mcs_fine/venue=ECCV/year=2024
EMNLP,2024,1268,8,10,15,64,294,294,0,64,48,17.0,0.0,results/fine_grained_venue_year_topics_2020_2026_mcs_fine/venue=EMNLP/year=2024
ICDE,2024,483,8,10,15,29,61,61,0,29,33,15.0,0.0,results/fine_grained_venue_year_topics_2020_2026_mcs_fine/venue=ICDE/year=2024
ICLR,2024,2260,10,10,15,94,427,427,0,94,63,20.5,0.0,results/fine_grained_venue_year_topics_2020_2026_mcs_fine/venue=ICLR/year=2024
ICML,2024,2610,10,10,15,97,630,630,0,97,56,23.0,0.0,results/fine_grained_venue_year_topics_2020_2026_mcs_fine/venue=ICML/year=2024
ICRA,2024,1742,8,10,15,87,481,481,0,87,64,16.0,0.0,results/fine_grained_venue_year_topics_2020_2026_mcs_fine/venue=ICRA/year=2024
IJCAI,2024,1048,8,10,15,58,150,150,0,58,51,16.5,0.0,results/fine_grained_venue_year_topics_2020_2026_mcs_fine/venue=IJCAI/year=2024
IROS,2024,1573,8,10,15,73,327,327,0,73,62,19.0,0.0,results/fine_grained_venue_year_topics_2020_2026_mcs_fine/venue=IROS/year=2024
KDD,2024,411,8,10,15,20,69,69,0,20,44,20.0,0.0,results/fine_grained_venue_year_topics_2020_2026_mcs_fine/venue=KDD/year=2024
MICCAI,2024,71,5,10,15,7,9,9,0,7,17,9.0,0.0,results/fine_grained_venue_year_topics_2020_2026_mcs_fine/venue=MICCAI/year=2024
NAACL,2024,562,8,10,15,32,66,66,0,32,49,14.5,0.0,results/fine_grained_venue_year_topics_2020_2026_mcs_fine/venue=NAACL/year=2024
NeurIPS,2024,4034,15,10,15,96,1281,1281,0,96,126,37.0,0.0,results/fine_grained_venue_year_topics_2020_2026_mcs_fine/venue=NeurIPS/year=2024
PR,2024,961,8,10,15,51,134,134,0,51,46,17.0,0.0,results/fine_grained_venue_year_topics_2020_2026_mcs_fine/venue=PR/year=2024
RSS,2024,131,6,10,15,12,17,17,0,12,19,10.0,0.0,results/fine_grained_venue_year_topics_2020_2026_mcs_fine/venue=RSS/year=2024
SIGGRAPH,2024,121,6,10,15,10,9,9,0,10,22,11.0,0.0,results/fine_grained_venue_year_topics_2020_2026_mcs_fine/venue=SIGGRAPH/year=2024
SIGGRAPH-Asia,2024,141,6,10,15,14,25,25,0,14,19,8.0,0.0,results/fine_grained_venue_year_topics_2020_2026_mcs_fine/venue=SIGGRAPH-Asia/year=2024
SIGIR,2024,214,6,10,15,19,35,35,0,19,24,11.0,0.0,results/fine_grained_venue_year_topics_2020_2026_mcs_fine/venue=SIGIR/year=2024
TIP,2024,478,8,10,15,26,47,47,0,26,35,16.5,0.0,results/fine_grained_venue_year_topics_2020_2026_mcs_fine/venue=TIP/year=2024
WWW,2024,404,8,10,15,24,43,43,0,24,39,14.0,0.0,results/fine_grained_venue_year_topics_2020_2026_mcs_fine/venue=WWW/year=2024
AAAI,2025,3028,10,10,15,119,549,549,0,119,72,22.0,0.0,results/fine_grained_venue_year_topics_2020_2026_mcs_fine/venue=AAAI/year=2025
ACL,2025,1699,8,10,15,84,451,451,0,84,74,17.5,0.0,results/fine_grained_venue_year_topics_2020_2026_mcs_fine/venue=ACL/year=2025
ACMMM,2025,1249,8,10,15,60,220,220,0,60,71,17.5,0.0,results/fine_grained_venue_year_topics_2020_2026_mcs_fine/venue=ACMMM/year=2025
AIJ,2025,92,6,10,15,9,12,12,0,9,19,9.0,0.0,results/fine_grained_venue_year_topics_2020_2026_mcs_fine/venue=AIJ/year=2025
CHI,2025,1243,8,10,15,63,272,270,2,63,67,16.0,0.0,results/fine_grained_venue_year_topics_2020_2026_mcs_fine/venue=CHI/year=2025
COLM,2025,418,8,10,15,21,92,92,0,21,33,18.0,0.0,results/fine_grained_venue_year_topics_2020_2026_mcs_fine/venue=COLM/year=2025
CVPR,2025,2871,10,10,15,121,692,692,0,121,65,21.0,0.0,results/fine_grained_venue_year_topics_2020_2026_mcs_fine/venue=CVPR/year=2025
EMNLP,2025,1809,8,10,15,98,352,352,0,98,48,17.0,0.0,results/fine_grained_venue_year_topics_2020_2026_mcs_fine/venue=EMNLP/year=2025
ICCV,2025,2701,10,10,15,107,595,595,0,107,70,22.0,0.0,results/fine_grained_venue_year_topics_2020_2026_mcs_fine/venue=ICCV/year=2025
ICDE,2025,390,8,10,15,26,39,39,0,26,42,13.0,0.0,results/fine_grained_venue_year_topics_2020_2026_mcs_fine/venue=ICDE/year=2025
ICLR,2025,3703,10,10,15,140,1080,1080,0,140,96,24.5,0.0,results/fine_grained_venue_year_topics_2020_2026_mcs_fine/venue=ICLR/year=2025
ICML,2025,3330,10,10,15,137,781,781,0,137,69,20.0,0.0,results/fine_grained_venue_year_topics_2020_2026_mcs_fine/venue=ICML/year=2025
ICRA,2025,1593,8,10,15,76,391,390,1,76,50,19.5,0.0,results/fine_grained_venue_year_topics_2020_2026_mcs_fine/venue=ICRA/year=2025
IJCAI,2025,1280,8,10,15,76,246,246,0,76,40,15.0,0.0,results/fine_grained_venue_year_topics_2020_2026_mcs_fine/venue=IJCAI/year=2025
IROS,2025,1976,8,10,15,99,480,480,0,99,62,17.0,0.0,results/fine_grained_venue_year_topics_2020_2026_mcs_fine/venue=IROS/year=2025
KDD,2025,552,8,10,15,29,127,127,0,29,46,16.0,0.0,results/fine_grained_venue_year_topics_2020_2026_mcs_fine/venue=KDD/year=2025
MICCAI,2025,65,5,10,15,7,13,13,0,7,14,10.0,0.0,results/fine_grained_venue_year_topics_2020_2026_mcs_fine/venue=MICCAI/year=2025
NAACL,2025,718,8,10,15,39,134,134,0,39,49,17.0,0.0,results/fine_grained_venue_year_topics_2020_2026_mcs_fine/venue=NAACL/year=2025
NeurIPS,2025,5286,15,10,15,124,1286,1286,0,124,170,37.0,0.0,results/fine_grained_venue_year_topics_2020_2026_mcs_fine/venue=NeurIPS/year=2025
PR,2025,1512,8,10,15,80,323,323,0,80,53,16.5,0.0,results/fine_grained_venue_year_topics_2020_2026_mcs_fine/venue=PR/year=2025
SIGGRAPH,2025,161,6,10,15,12,19,19,0,12,29,11.5,0.0,results/fine_grained_venue_year_topics_2020_2026_mcs_fine/venue=SIGGRAPH/year=2025
SIGGRAPH-Asia,2025,192,6,10,15,15,27,27,0,15,25,12.0,0.0,results/fine_grained_venue_year_topics_2020_2026_mcs_fine/venue=SIGGRAPH-Asia/year=2025
SIGIR,2025,239,6,10,15,20,56,56,0,20,22,10.5,0.0,results/fine_grained_venue_year_topics_2020_2026_mcs_fine/venue=SIGIR/year=2025
TNNLS,2025,796,8,10,15,38,114,114,0,38,67,17.0,0.0,results/fine_grained_venue_year_topics_2020_2026_mcs_fine/venue=TNNLS/year=2025
WWW,2025,154,6,10,15,13,19,19,0,13,16,13.0,0.0,results/fine_grained_venue_year_topics_2020_2026_mcs_fine/venue=WWW/year=2025
AAAI,2026,4149,15,10,15,104,1023,1023,0,104,112,34.0,0.0,results/fine_grained_venue_year_topics_2020_2026_mcs_fine/venue=AAAI/year=2026
AIJ,2026,39,4,10,15,5,3,3,0,5,17,6.0,0.0,results/fine_grained_venue_year_topics_2020_2026_mcs_fine/venue=AIJ/year=2026
ICLR,2026,5352,15,10,15,131,1452,1452,0,131,118,37.0,0.0,results/fine_grained_venue_year_topics_2020_2026_mcs_fine/venue=ICLR/year=2026
PR,2026,925,8,10,15,51,143,142,1,51,38,17.0,0.0,results/fine_grained_venue_year_topics_2020_2026_mcs_fine/venue=PR/year=2026
TKDE,2026,250,8,10,15,15,47,47,0,15,44,14.0,0.0,results/fine_grained_venue_year_topics_2020_2026_mcs_fine/venue=TKDE/year=2026
TMM,2026,594,8,10,15,34,101,101,0,34,51,15.0,0.0,results/fine_grained_venue_year_topics_2020_2026_mcs_fine/venue=TMM/year=2026
TNNLS,2026,222,6,10,15,18,25,25,0,18,28,9.0,0.0,results/fine_grained_venue_year_topics_2020_2026_mcs_fine/venue=TNNLS/year=2026
