area,venue,year
Robotics / embodied AI,RSS,2025
Multimedia / HCI / graphics,SIGGRAPH,2020
Multimedia / HCI / graphics,SIGGRAPH,2021
Multimedia / HCI / graphics,SIGGRAPH-Asia,2020
Computer vision,TPAMI,2020
Computer vision,TPAMI,2022
Computer vision,TPAMI,2024
Computer vision,TPAMI,2025
Computer vision,TPAMI,2026
Computer vision,IJCV,2020
Computer vision,IJCV,2022
Computer vision,IJCV,2024
Computer vision,IJCV,2025
Computer vision,IJCV,2026
Computer vision,TIP,2020
Computer vision,TIP,2021
Computer vision,TIP,2022
Computer vision,TIP,2023
Computer vision,TIP,2025
Computer vision,TIP,2026
Multimedia / HCI / graphics,TMM,2022
Multimedia / HCI / graphics,TMM,2023
Multimedia / HCI / graphics,TMM,2024
Multimedia / HCI / graphics,TMM,2025
Data / IR / Web / DB,TKDE,2021
Data / IR / Web / DB,TKDE,2022
Data / IR / Web / DB,TKDE,2023
Data / IR / Web / DB,TKDE,2024
Data / IR / Web / DB,TKDE,2025
ML / learning,TNNLS,2020
ML / learning,TNNLS,2021
ML / learning,TNNLS,2022
ML / learning,TNNLS,2024
ML / learning,JMLR,2021
ML / learning,JMLR,2022
ML / learning,JMLR,2023
ML / learning,JMLR,2024
ML / learning,JMLR,2025
ML / learning,JMLR,2026
